company_name,location,state,founding_year,data_source,website,description,funding,industry,tags
1076 Capp,San Francisco,CA,2024,bay_area_startups_master.csv,,,,,
115 Moffitt Air Bnb,San Francisco,CA,2025,bay_area_startups_master.csv,,,,,
1552 Haight Street,San Francisco,CA,2025,bay_area_startups_master.csv,,,,,
40x0 Training,San Francisco,CA,2024,bay_area_startups_master.csv,,,,,
41x1 Training,San Francisco,CA,2024,bay_area_startups_master.csv,,,,,
435 Duncan St Airbnb,San Francisco,CA,2024,bay_area_startups_master.csv,,,,,
581 Capp Street,San Francisco,CA,2025,bay_area_startups_master.csv,,,,,
848 Clement Street Tai Hing Books & Gifts,San Francisco,CA,2024,bay_area_startups_master.csv,,,,,
949 Capp,San Francisco,CA,2024,bay_area_startups_master.csv,,,,,
A&S Painting And Plastering Inc,San Francisco,CA,2024,bay_area_startups_master.csv,,,,,
A1 Bright Maid,San Francisco,CA,2025,bay_area_startups_master.csv,,,,,
Abigail Edber,San Francisco,CA,2024,bay_area_startups_master.csv,,,,,
Aciif Ai Forensics Celta Academy,San Francisco,CA,2025,bay_area_startups_master.csv,,,,,
Adornment Painting Inc.,San Francisco,CA,2025,bay_area_startups_master.csv,,,,,
Advanced Data Sciences,San Francisco,CA,2025,bay_area_startups_master.csv,,,,,
Advanced Heating And Air,San Francisco,CA,2024,bay_area_startups_master.csv,,,,,
Agentbaseai Inc,San Francisco,CA,2024,bay_area_startups_master.csv,,,,,
Ai Receptionist Agency,San Francisco,CA,2025,bay_area_startups_master.csv,,,,,
Ai System,San Francisco,CA,2025,bay_area_startups_master.csv,,,,,
Aidens Quality Painting Inc,San Francisco,CA,2024,bay_area_startups_master.csv,,,,,
Aiherbs Inc,San Francisco,CA,2025,bay_area_startups_master.csv,,,,,
Aimee Duddridge-Picard,San Francisco,CA,2024,bay_area_startups_master.csv,,,,,
Aimee Golant: Metal Art & Judaica,San Francisco,CA,2024,bay_area_startups_master.csv,,,,,
Air Sharks,San Francisco,CA,2025,bay_area_startups_master.csv,,,,,
Airbnb,San Francisco,CA,2024,bay_area_startups_master.csv,,,,,
Aireserv Of Campbell And Saratoga,San Francisco,CA,2025,bay_area_startups_master.csv,,,,,
Aiurion Inc.,San Francisco,CA,2025,bay_area_startups_master.csv,,,,,
Al Aignment Liaison,San Francisco,CA,2024,bay_area_startups_master.csv,,,,,
Alamere Digital LLC,San Francisco,CA,2024,bay_area_startups_master.csv,,,,,
Alice Nails,San Francisco,CA,2025,bay_area_startups_master.csv,,,,,
All Pro Painting Inc,San Francisco,CA,2025,bay_area_startups_master.csv,,,,,
Alp Construction & Painting Inc,San Francisco,CA,2024,bay_area_startups_master.csv,,,,,
"Ambr Technologies, Inc.",San Francisco,CA,2024,bay_area_startups_master.csv,,,,,
American School Of Emerging Technology,San Francisco,CA,2025,bay_area_startups_master.csv,,,,,
Amine Jemai,San Francisco,CA,2025,bay_area_startups_master.csv,,,,,
Amy Tai,San Francisco,CA,2024,bay_area_startups_master.csv,,,,,
Angstrom Ai Inc.,San Francisco,CA,2025,bay_area_startups_master.csv,,,,,
Appliance Repair SF,San Francisco,CA,2024,bay_area_startups_master.csv,,,,,
Appreciation Coffee,San Francisco,CA,2025,bay_area_startups_master.csv,,,,,
Appu Tattoos,San Francisco,CA,2025,bay_area_startups_master.csv,,,,,
Aquatic Technology Pool & Spa,San Francisco,CA,2024,bay_area_startups_master.csv,,,,,
Armored Air Heating & Air Conditioning,San Francisco,CA,2024,bay_area_startups_master.csv,,,,,
Artist Liaison Agency,San Francisco,CA,2025,bay_area_startups_master.csv,,,,,
Atlas Voice & Data LLC,San Francisco,CA,2024,bay_area_startups_master.csv,,,,,
Avail Engineering,San Francisco,CA,2024,bay_area_startups_master.csv,,,,,
Bamboo Nails,San Francisco,CA,2025,bay_area_startups_master.csv,,,,,
Bay Area Mobile Diagnostics,San Francisco,CA,2025,bay_area_startups_master.csv,,,,,
"Bay-Valley Painting, Inc.",San Francisco,CA,2025,bay_area_startups_master.csv,,,,,
Baytek Indoor Air Solutions,San Francisco,CA,2025,bay_area_startups_master.csv,,,,,
"Bdo Digital, LLC",San Francisco,CA,2024,bay_area_startups_master.csv,,,,,
Bear Paws Training & Animal Communication,San Francisco,CA,2024,bay_area_startups_master.csv,,,,,
Ben Edmondson Building Maintenance Company,San Francisco,CA,2024,bay_area_startups_master.csv,,,,,
Best Coast Sailing,San Francisco,CA,2024,bay_area_startups_master.csv,,,,,
Better Hairdays,San Francisco,CA,2025,bay_area_startups_master.csv,,,,,
"Blackhawk Painting, Inc.",San Francisco,CA,2024,bay_area_startups_master.csv,,,,,
Brightwright-Techcomm LLC,San Francisco,CA,2024,bay_area_startups_master.csv,,,,,
Caias Cookies,San Francisco,CA,2024,bay_area_startups_master.csv,,,,,
"Caias Cookies, LLC",San Francisco,CA,2024,bay_area_startups_master.csv,,,,,
"Caitlin Odonnell, Psyd, Psychotherapy Inc.",San Francisco,CA,2024,bay_area_startups_master.csv,,,,,
Caiye Huang,San Francisco,CA,2024,bay_area_startups_master.csv,,,,,
Caldata Communications,San Francisco,CA,2025,bay_area_startups_master.csv,,,,,
"California College Of Business, Science & Technology",San Francisco,CA,2025,bay_area_startups_master.csv,,,,,
Calpro Construction & Painting,San Francisco,CA,2024,bay_area_startups_master.csv,,,,,
"Capernaum Ai, Inc.",San Francisco,CA,2025,bay_area_startups_master.csv,,,,,
"Capture Technologies A Division Of Identisys, Inc.",San Francisco,CA,2024,bay_area_startups_master.csv,,,,,
Caretech Innovations LLC,San Francisco,CA,2024,bay_area_startups_master.csv,,,,,
Central Haight Market,San Francisco,CA,2024,bay_area_startups_master.csv,,,,,
Chutikarn Sukmongkolchai,San Francisco,CA,2025,bay_area_startups_master.csv,,,,,
Cje Heating And Air,San Francisco,CA,2024,bay_area_startups_master.csv,,,,,
Claire Bonham-Carter,San Francisco,CA,2024,bay_area_startups_master.csv,,,,,
Clarity Ai Research Inc,San Francisco,CA,2024,bay_area_startups_master.csv,,,,,
Clearscope Technology Solutions,San Francisco,CA,2024,bay_area_startups_master.csv,,,,,
Clinton Park Airbnb,San Francisco,CA,2024,bay_area_startups_master.csv,,,,,
Cloud N Books Pc,San Francisco,CA,2025,bay_area_startups_master.csv,,,,,
Cloud95,San Francisco,CA,2025,bay_area_startups_master.csv,,,,,
"Cloudcruise, Inc.",San Francisco,CA,2025,bay_area_startups_master.csv,,,,,
Cloudxpress,San Francisco,CA,2024,bay_area_startups_master.csv,,,,,
Cogent Infotech,San Francisco,CA,2024,bay_area_startups_master.csv,,,,,
Comfort Home Heating & Air,San Francisco,CA,2025,bay_area_startups_master.csv,,,,,
"Cooper Oates Air Conditioning, Inc.",San Francisco,CA,2025,bay_area_startups_master.csv,,,,,
"Cordata Healthcare Innovations, Inc.",San Francisco,CA,2024,bay_area_startups_master.csv,,,,,
D & F Mobile Truck Repair,San Francisco,CA,2024,bay_area_startups_master.csv,,,,,
D Air Balance Inc,San Francisco,CA,2024,bay_area_startups_master.csv,,,,,
Daily Accounting Services,San Francisco,CA,2024,bay_area_startups_master.csv,,,,,
Dannys Hair Studio SF,San Francisco,CA,2025,bay_area_startups_master.csv,,,,,
Dariyana Ukrainian Crepes,San Francisco,CA,2024,bay_area_startups_master.csv,,,,,
Data Sync Communication Inc,San Francisco,CA,2024,bay_area_startups_master.csv,,,,,
Dba Vetsentry/River City Data,San Francisco,CA,2024,bay_area_startups_master.csv,,,,,
Deconvolute Ai Inc,San Francisco,CA,2024,bay_area_startups_master.csv,,,,,
"Deepseq.Ai, Inc.",San Francisco,CA,2024,bay_area_startups_master.csv,,,,,
Diane Martinez - Certified Personal Trainer (Cpt),San Francisco,CA,2024,bay_area_startups_master.csv,,,,,
Diego Data,San Francisco,CA,2024,bay_area_startups_master.csv,,,,,
Digital Mobile Innovations LLC,San Francisco,CA,2024,bay_area_startups_master.csv,,,,,
Dodirtys Security And Maintenance,San Francisco,CA,2025,bay_area_startups_master.csv,,,,,
Done Right Heating And Air,San Francisco,CA,2024,bay_area_startups_master.csv,,,,,
Draintek Plumbing Inc,San Francisco,CA,2025,bay_area_startups_master.csv,,,,,
Dynamic Map Platform North America Inc,San Francisco,CA,2024,bay_area_startups_master.csv,,,,,
Eckerts Mobile Phones,San Francisco,CA,2024,bay_area_startups_master.csv,,,,,
Edgewood Contruction & Home Repair,San Francisco,CA,2024,bay_area_startups_master.csv,,,,,
Ees Nails,San Francisco,CA,2025,bay_area_startups_master.csv,,,,,
Eg Painting,San Francisco,CA,2024,bay_area_startups_master.csv,,,,,
Eightai Inc.,San Francisco,CA,2024,bay_area_startups_master.csv,,,,,
Elearning Lair Corp,San Francisco,CA,2025,bay_area_startups_master.csv,,,,,
Erica Maissy,San Francisco,CA,2025,bay_area_startups_master.csv,,,,,
Escobar Pro Painting Corp,San Francisco,CA,2025,bay_area_startups_master.csv,,,,,
Evolve Digitally LLC,San Francisco,CA,2025,bay_area_startups_master.csv,,,,,
Excellence Heating And Air,San Francisco,CA,2025,bay_area_startups_master.csv,,,,,
"Expand Power Technologies, Inc.",San Francisco,CA,2024,bay_area_startups_master.csv,,,,,
Failup Management Advisory Inc,San Francisco,CA,2024,bay_area_startups_master.csv,,,,,
Fairbrook,San Francisco,CA,2025,bay_area_startups_master.csv,,,,,
Flagship Training,San Francisco,CA,2024,bay_area_startups_master.csv,,,,,
Flagship Training Fidi,San Francisco,CA,2025,bay_area_startups_master.csv,,,,,
Flare App Inc,San Francisco,CA,2025,bay_area_startups_master.csv,,,,,
Flenser Entertainment Rights,San Francisco,CA,2025,bay_area_startups_master.csv,,,,,
Foam Ai,San Francisco,CA,2024,bay_area_startups_master.csv,,,,,
Fog City Detail,San Francisco,CA,2025,bay_area_startups_master.csv,,,,,
Forte Fintech,San Francisco,CA,2025,bay_area_startups_master.csv,,,,,
Forte Fintech LLC,San Francisco,CA,2025,bay_area_startups_master.csv,,,,,
"Foundry Technologies, Inc.",San Francisco,CA,2025,bay_area_startups_master.csv,,,,,
Freemans Heating Air Conditioning & Electrical Services,San Francisco,CA,2024,bay_area_startups_master.csv,,,,,
Friendly App Studio,San Francisco,CA,2024,bay_area_startups_master.csv,,,,,
Furry Friends Dog Training,San Francisco,CA,2025,bay_area_startups_master.csv,,,,,
Gaa Auto Repair And Body Shop,San Francisco,CA,2024,bay_area_startups_master.csv,,,,,
Gaines Event Staffing,San Francisco,CA,2025,bay_area_startups_master.csv,,,,,
Gateway Mountain Center,San Francisco,CA,2025,bay_area_startups_master.csv,,,,,
"Gb Heating And Air, Inc",San Francisco,CA,2024,bay_area_startups_master.csv,,,,,
General Hvac Electric And Appliance Repair,San Francisco,CA,2024,bay_area_startups_master.csv,,,,,
"Go Technology Management, LLC",San Francisco,CA,2025,bay_area_startups_master.csv,,,,,
Golden Bear Heating And Air,San Francisco,CA,2024,bay_area_startups_master.csv,,,,,
"Golden State Training, LLC",San Francisco,CA,2025,bay_area_startups_master.csv,,,,,
Gp Mobile Solutions LLC,San Francisco,CA,2025,bay_area_startups_master.csv,,,,,
Green Windows Repairs,San Francisco,CA,2025,bay_area_startups_master.csv,,,,,
Gregory Training Center,San Francisco,CA,2025,bay_area_startups_master.csv,,,,,
Haight Street Eyecare,San Francisco,CA,2025,bay_area_startups_master.csv,,,,,
Hair By Becca LLC,San Francisco,CA,2025,bay_area_startups_master.csv,,,,,
Hair By The Ts Misty,San Francisco,CA,2024,bay_area_startups_master.csv,,,,,
Hair Caffe Lab,San Francisco,CA,2025,bay_area_startups_master.csv,,,,,
Hairglim Beauty,San Francisco,CA,2024,bay_area_startups_master.csv,,,,,
Hairsbybren,San Francisco,CA,2024,bay_area_startups_master.csv,,,,,
Hand Wash Detailing SF,San Francisco,CA,2024,bay_area_startups_master.csv,,,,,
Happy Cozy Rental,San Francisco,CA,2024,bay_area_startups_master.csv,,,,,
Happy Junk Truck,San Francisco,CA,2024,bay_area_startups_master.csv,,,,,
Happy Patches LLC,San Francisco,CA,2024,bay_area_startups_master.csv,,,,,
Happy Poke,San Francisco,CA,2024,bay_area_startups_master.csv,,,,,
Happy Teachers,San Francisco,CA,2024,bay_area_startups_master.csv,,,,,
Happy Tots Sf Daycare,San Francisco,CA,2025,bay_area_startups_master.csv,,,,,
Hawkeye Safety Training,San Francisco,CA,2025,bay_area_startups_master.csv,,,,,
Heat Technology Products,San Francisco,CA,2024,bay_area_startups_master.csv,,,,,
Heating And Air Design,San Francisco,CA,2025,bay_area_startups_master.csv,,,,,
Hero Auto Detailing,San Francisco,CA,2025,bay_area_startups_master.csv,,,,,
"Hi-Lite Airfield Services, LLC",San Francisco,CA,2024,bay_area_startups_master.csv,,,,,
High-Growth Digital,San Francisco,CA,2025,bay_area_startups_master.csv,,,,,
Home Front Heating And Air Conditioning Inc,San Francisco,CA,2024,bay_area_startups_master.csv,,,,,
Hometown Heating & Air,San Francisco,CA,2024,bay_area_startups_master.csv,,,,,
Humantech,San Francisco,CA,2024,bay_area_startups_master.csv,,,,,
Hung Mai Corporation Dba Floor Pros,San Francisco,CA,2025,bay_area_startups_master.csv,,,,,
"Hydra Technologies, LLC",San Francisco,CA,2024,bay_area_startups_master.csv,,,,,
In Place Technology Inc,San Francisco,CA,2024,bay_area_startups_master.csv,,,,,
Informa Tech LLC,San Francisco,CA,2024,bay_area_startups_master.csv,,,,,
Innovatics Ai LLC,San Francisco,CA,2025,bay_area_startups_master.csv,,,,,
Insul-Tech Contracting,San Francisco,CA,2025,bay_area_startups_master.csv,,,,,
Iz Painting,San Francisco,CA,2025,bay_area_startups_master.csv,,,,,
Jackdanyels Mobile Car Wash And Detailing,San Francisco,CA,2024,bay_area_startups_master.csv,,,,,
Jairo A Medina Mayorga,San Francisco,CA,2025,bay_area_startups_master.csv,,,,,
Jamila Voltaire,San Francisco,CA,2024,bay_area_startups_master.csv,,,,,
Jb Painting,San Francisco,CA,2024,bay_area_startups_master.csv,,,,,
Joannabuksahair,San Francisco,CA,2024,bay_area_startups_master.csv,,,,,
Js Information Technology Solutions LLC,San Francisco,CA,2024,bay_area_startups_master.csv,,,,,
Js Technology Ventures Inc,San Francisco,CA,2024,bay_area_startups_master.csv,,,,,
Junaid Basir Reinforce,San Francisco,CA,2024,bay_area_startups_master.csv,,,,,
K&K Nail Studio,San Francisco,CA,2024,bay_area_startups_master.csv,,,,,
Kai Morgan,San Francisco,CA,2025,bay_area_startups_master.csv,,,,,
Kaili Beauty Nail Salon,San Francisco,CA,2024,bay_area_startups_master.csv,,,,,
Kailie Barnes,San Francisco,CA,2024,bay_area_startups_master.csv,,,,,
Kenia Beauty Nails,San Francisco,CA,2024,bay_area_startups_master.csv,,,,,
"Kino Ai, Inc.",San Francisco,CA,2024,bay_area_startups_master.csv,,,,,
"Kitchen Cabinet Public Affairs Group, Inc.",San Francisco,CA,2025,bay_area_startups_master.csv,,,,,
Kmosaic,San Francisco,CA,2025,bay_area_startups_master.csv,,,,,
Laila Fernanda Vivas Maline Sarmadi,San Francisco,CA,2024,bay_area_startups_master.csv,,,,,
"Laketech Solutions, Inc.",San Francisco,CA,2025,bay_area_startups_master.csv,,,,,
Lauren Elisa Face Painting,San Francisco,CA,2025,bay_area_startups_master.csv,,,,,
"Law Office Of Christy Lai, P.C.",San Francisco,CA,2024,bay_area_startups_master.csv,,,,,
Le Nain,San Francisco,CA,2025,bay_area_startups_master.csv,,,,,
Leafair Construction Inc,San Francisco,CA,2025,bay_area_startups_master.csv,,,,,
Leico Tire & Auto Repair,San Francisco,CA,2025,bay_area_startups_master.csv,,,,,
Leksi Paints,San Francisco,CA,2024,bay_area_startups_master.csv,,,,,
Leshchinskaia Music,San Francisco,CA,2025,bay_area_startups_master.csv,,,,,
Ligier Entertainment Inc.,San Francisco,CA,2025,bay_area_startups_master.csv,,,,,
"Linkup Mobile, Inc.",San Francisco,CA,2024,bay_area_startups_master.csv,,,,,
"Liquidmetal Ai, Inc.",San Francisco,CA,2024,bay_area_startups_master.csv,,,,,
Live Guard Tech LLC,San Francisco,CA,2024,bay_area_startups_master.csv,,,,,
"Loqi Applications, LLC",San Francisco,CA,2024,bay_area_startups_master.csv,,,,,
Lucidic Ai,San Francisco,CA,2025,bay_area_startups_master.csv,,,,,
Luckyxhair,San Francisco,CA,2025,bay_area_startups_master.csv,,,,,
Luke Moody Ai,San Francisco,CA,2024,bay_area_startups_master.csv,,,,,
"Luminator Technology Group Global, LLC",San Francisco,CA,2024,bay_area_startups_master.csv,,,,,
Lunarlanding.Ai,San Francisco,CA,2025,bay_area_startups_master.csv,,,,,
"Macano Tech, LLC",San Francisco,CA,2024,bay_area_startups_master.csv,,,,,
Made Simple Heating And Air Inc.,San Francisco,CA,2024,bay_area_startups_master.csv,,,,,
Mai Bodywork,San Francisco,CA,2025,bay_area_startups_master.csv,,,,,
Maigane Music,San Francisco,CA,2024,bay_area_startups_master.csv,,,,,
Maison Assist,San Francisco,CA,2025,bay_area_startups_master.csv,,,,,
Maison Au Pont Owners Association,San Francisco,CA,2024,bay_area_startups_master.csv,,,,,
Maison De Vertu,San Francisco,CA,2024,bay_area_startups_master.csv,,,,,
Maison Eureka,San Francisco,CA,2025,bay_area_startups_master.csv,,,,,
"Maiten Consulting, LLC",San Francisco,CA,2025,bay_area_startups_master.csv,,,,,
Mantech (Usa) Inc.,San Francisco,CA,2024,bay_area_startups_master.csv,,,,,
Marina Auto Detail,San Francisco,CA,2024,bay_area_startups_master.csv,,,,,
Mb Painting Company,San Francisco,CA,2024,bay_area_startups_master.csv,,,,,
Mbh Residential Cleaning And Maintenance Services,San Francisco,CA,2025,bay_area_startups_master.csv,,,,,
Memos Painters LLC,San Francisco,CA,2025,bay_area_startups_master.csv,,,,,
Metaintels LLC,San Francisco,CA,2024,bay_area_startups_master.csv,,,,,
Metro Mobile Communications,San Francisco,CA,2024,bay_area_startups_master.csv,,,,,
Miguel Painting,San Francisco,CA,2025,bay_area_startups_master.csv,,,,,
Mindfulfairy Foundation,San Francisco,CA,2025,bay_area_startups_master.csv,,,,,
Mobetta Entertainment,San Francisco,CA,2025,bay_area_startups_master.csv,,,,,
"Mosaic Ai Labs, Inc.",San Francisco,CA,2025,bay_area_startups_master.csv,,,,,
Mosaic Global Transportation,San Francisco,CA,2025,bay_area_startups_master.csv,,,,,
Mosaic Public Partners LLC,San Francisco,CA,2024,bay_area_startups_master.csv,,,,,
Mountain Microgrids,San Francisco,CA,2024,bay_area_startups_master.csv,,,,,
Mova.Ai,San Francisco,CA,2025,bay_area_startups_master.csv,,,,,
Nail Dar,San Francisco,CA,2024,bay_area_startups_master.csv,,,,,
Nail It SF,San Francisco,CA,2024,bay_area_startups_master.csv,,,,,
Nailart Fairytale,San Francisco,CA,2024,bay_area_startups_master.csv,,,,,
Nails 2001,San Francisco,CA,2024,bay_area_startups_master.csv,,,,,
New Image Hairstyling,San Francisco,CA,2025,bay_area_startups_master.csv,,,,,
Nicolas Protopappas,San Francisco,CA,2024,bay_area_startups_master.csv,,,,,
"Nonna App, LLC",San Francisco,CA,2024,bay_area_startups_master.csv,,,,,
Norcal Maid Cleaning Services,San Francisco,CA,2024,bay_area_startups_master.csv,,,,,
Novas Airbnb,San Francisco,CA,2024,bay_area_startups_master.csv,,,,,
Omnithink.Ai Inc.,San Francisco,CA,2024,bay_area_startups_master.csv,,,,,
Onedigital,San Francisco,CA,2024,bay_area_startups_master.csv,,,,,
Organization Technology,San Francisco,CA,2024,bay_area_startups_master.csv,,,,,
Oscar Areas Mobile Auto Repair,San Francisco,CA,2024,bay_area_startups_master.csv,,,,,
"Oui, Si, Hai LLC",San Francisco,CA,2024,bay_area_startups_master.csv,,,,,
Paige Mclaughlin,San Francisco,CA,2025,bay_area_startups_master.csv,,,,,
Par Apparel LLC,San Francisco,CA,2024,bay_area_startups_master.csv,,,,,
"Paratus Ai, Inc",San Francisco,CA,2024,bay_area_startups_master.csv,,,,,
Patronus Ai,San Francisco,CA,2025,bay_area_startups_master.csv,,,,,
Pauls Mobile Detailing Inc,San Francisco,CA,2024,bay_area_startups_master.csv,,,,,
Peachy Nails,San Francisco,CA,2024,bay_area_startups_master.csv,,,,,
Peerless Digital Services,San Francisco,CA,2024,bay_area_startups_master.csv,,,,,
"Perfect Pairing Trading, LLC.",San Francisco,CA,2024,bay_area_startups_master.csv,,,,,
Perfect Star Heating & Air Conditioning,San Francisco,CA,2025,bay_area_startups_master.csv,,,,,
Phone & Computer Repair 23rd,San Francisco,CA,2024,bay_area_startups_master.csv,,,,,
Phone Repair,San Francisco,CA,2024,bay_area_startups_master.csv,,,,,
Precision Strength Training,San Francisco,CA,2025,bay_area_startups_master.csv,,,,,
Premier Hair Solutions,San Francisco,CA,2024,bay_area_startups_master.csv,,,,,
Prestige Custom Painting Inc,San Francisco,CA,2024,bay_area_startups_master.csv,,,,,
Pretty Art Nail & Beauty Spa,San Francisco,CA,2025,bay_area_startups_master.csv,,,,,
"Primal Paint, Inc.",San Francisco,CA,2024,bay_area_startups_master.csv,,,,,
"Propel Platform, Inc.",San Francisco,CA,2024,bay_area_startups_master.csv,,,,,
Pulidos Painting,San Francisco,CA,2025,bay_area_startups_master.csv,,,,,
Puzz.Ai,San Francisco,CA,2025,bay_area_startups_master.csv,,,,,
"Quantum Energy Services & Technologies, Inc.",San Francisco,CA,2025,bay_area_startups_master.csv,,,,,
Queue Happy Inspirations,San Francisco,CA,2025,bay_area_startups_master.csv,,,,,
Quevedo Painting,San Francisco,CA,2024,bay_area_startups_master.csv,,,,,
Quick Fix Garage Door Repair Inc,San Francisco,CA,2024,bay_area_startups_master.csv,,,,,
Rainbow Beauty Spa,San Francisco,CA,2025,bay_area_startups_master.csv,,,,,
Rainbow Market And Deli,San Francisco,CA,2025,bay_area_startups_master.csv,,,,,
Rc Maintenance Holdings Inc,San Francisco,CA,2024,bay_area_startups_master.csv,,,,,
Rebecca Wraxall Hair,San Francisco,CA,2025,bay_area_startups_master.csv,,,,,
Rebelretailers,San Francisco,CA,2025,bay_area_startups_master.csv,,,,,
Removaldefense.Ai,San Francisco,CA,2024,bay_area_startups_master.csv,,,,,
Revic Ai Inc,San Francisco,CA,2024,bay_area_startups_master.csv,,,,,
Richmond District Jewelry Repair,San Francisco,CA,2024,bay_area_startups_master.csv,,,,,
Ridea Painting,San Francisco,CA,2025,bay_area_startups_master.csv,,,,,
"Riley Ai, Inc.",San Francisco,CA,2025,bay_area_startups_master.csv,,,,,
"Riveter Ai, Inc.",San Francisco,CA,2024,bay_area_startups_master.csv,,,,,
Rockstar Iphone Ipad Samsung Mac Laptop & Electronics Repair,San Francisco,CA,2024,bay_area_startups_master.csv,,,,,
Rotor Digital Services,San Francisco,CA,2024,bay_area_startups_master.csv,,,,,
Roundabout Technologies,San Francisco,CA,2024,bay_area_startups_master.csv,,,,,
Rous Maintenance Services LLC,San Francisco,CA,2025,bay_area_startups_master.csv,,,,,
Running With Abigail LLC,San Francisco,CA,2025,bay_area_startups_master.csv,,,,,
Rush Air Mechanical,San Francisco,CA,2024,bay_area_startups_master.csv,,,,,
Said & Done Projects,San Francisco,CA,2025,bay_area_startups_master.csv,,,,,
Sandpail Productions,San Francisco,CA,2025,bay_area_startups_master.csv,,,,,
Sandy Ai,San Francisco,CA,2025,bay_area_startups_master.csv,,,,,
Sandy Health Ai,San Francisco,CA,2025,bay_area_startups_master.csv,,,,,
"Scrubz Apparel Supplies 2024 Unlimited, LLC",San Francisco,CA,2024,bay_area_startups_master.csv,,,,,
"Securus Technologies, LLC",San Francisco,CA,2025,bay_area_startups_master.csv,,,,,
Service King Air,San Francisco,CA,2024,bay_area_startups_master.csv,,,,,
Sf House Of Nails,San Francisco,CA,2025,bay_area_startups_master.csv,,,,,
Sf House Of Nails Pierce Inc,San Francisco,CA,2025,bay_area_startups_master.csv,,,,,
Shannon Cairns,San Francisco,CA,2025,bay_area_startups_master.csv,,,,,
Silver Apple LLC,San Francisco,CA,2024,bay_area_startups_master.csv,,,,,
Silver Cloud,San Francisco,CA,2024,bay_area_startups_master.csv,,,,,
Sinclair Domestic Services,San Francisco,CA,2024,bay_area_startups_master.csv,,,,,
Slightly Straight Stud Construction,San Francisco,CA,2025,bay_area_startups_master.csv,,,,,
Smarketing Technologies Corporation,San Francisco,CA,2025,bay_area_startups_master.csv,,,,,
Smart & Beyond Painting Inc,San Francisco,CA,2025,bay_area_startups_master.csv,,,,,
"So Does Nails, Inc",San Francisco,CA,2024,bay_area_startups_master.csv,,,,,
Solar Tech Collective LLC,San Francisco,CA,2024,bay_area_startups_master.csv,,,,,
Solis Ai And Data Transformation Services,San Francisco,CA,2024,bay_area_startups_master.csv,,,,,
Somo Ai Inc,San Francisco,CA,2024,bay_area_startups_master.csv,,,,,
Sophia Nail Spa,San Francisco,CA,2024,bay_area_startups_master.csv,,,,,
Soulful Web Design Studio,San Francisco,CA,2025,bay_area_startups_master.csv,,,,,
Sparkl Sustainable Solutions Dba Sparkl Reusables,San Francisco,CA,2024,bay_area_startups_master.csv,,,,,
Steps Towards Faith,San Francisco,CA,2024,bay_area_startups_master.csv,,,,,
Stoic Tech,San Francisco,CA,2024,bay_area_startups_master.csv,,,,,
Straightedge Handyman Service And Solutions,San Francisco,CA,2025,bay_area_startups_master.csv,,,,,
Sun & Shield Tech Services,San Francisco,CA,2024,bay_area_startups_master.csv,,,,,
Sunset Painting,San Francisco,CA,2024,bay_area_startups_master.csv,,,,,
Susie Thai Massage,San Francisco,CA,2024,bay_area_startups_master.csv,,,,,
T & H Painting Company,San Francisco,CA,2024,bay_area_startups_master.csv,,,,,
Tacos El Shaddai,San Francisco,CA,2025,bay_area_startups_master.csv,,,,,
Tailwinds,San Francisco,CA,2025,bay_area_startups_master.csv,,,,,
Tailwinds Advisory,San Francisco,CA,2025,bay_area_startups_master.csv,,,,,
Taishan Cuisine,San Francisco,CA,2024,bay_area_startups_master.csv,,,,,
Taishan Cuisine Second,San Francisco,CA,2024,bay_area_startups_master.csv,,,,,
Taishan Cuisine The 5th One,San Francisco,CA,2024,bay_area_startups_master.csv,,,,,
Taishan Food Gift Shop,San Francisco,CA,2025,bay_area_startups_master.csv,,,,,
Taishan Restaurant,San Francisco,CA,2024,bay_area_startups_master.csv,,,,,
Taishan Specialty,San Francisco,CA,2024,bay_area_startups_master.csv,,,,,
Taldea Services And Maintenance,San Francisco,CA,2025,bay_area_startups_master.csv,,,,,
Teixeira Training,San Francisco,CA,2024,bay_area_startups_master.csv,,,,,
"Terrace Biotech, LLC",San Francisco,CA,2024,bay_area_startups_master.csv,,,,,
Tetelestai Painting Corporation,San Francisco,CA,2024,bay_area_startups_master.csv,,,,,
The Ai Receptionist Agency,San Francisco,CA,2025,bay_area_startups_master.csv,,,,,
The Creation Painting Inc.,San Francisco,CA,2024,bay_area_startups_master.csv,,,,,
The Daisy Foundation,San Francisco,CA,2025,bay_area_startups_master.csv,,,,,
"The Main Post, Inc",San Francisco,CA,2025,bay_area_startups_master.csv,,,,,
Three Soles Inc. Dba Trainor Builders,San Francisco,CA,2024,bay_area_startups_master.csv,,,,,
Tie Dye By Gail,San Francisco,CA,2024,bay_area_startups_master.csv,,,,,
Toc Painting,San Francisco,CA,2024,bay_area_startups_master.csv,,,,,
Tom Praisan,San Francisco,CA,2025,bay_area_startups_master.csv,,,,,
Toorialai Naeem,San Francisco,CA,2024,bay_area_startups_master.csv,,,,,
Top Hair Care LLC,San Francisco,CA,2024,bay_area_startups_master.csv,,,,,
Trachawk Painting Co,San Francisco,CA,2024,bay_area_startups_master.csv,,,,,
"Tri Valley Hvac LLC, Dba Aireserv Of Pleasanton",San Francisco,CA,2024,bay_area_startups_master.csv,,,,,
Ts Nail & Lash Spa,San Francisco,CA,2024,bay_area_startups_master.csv,,,,,
Ts Nail&Lash LLC,San Francisco,CA,2024,bay_area_startups_master.csv,,,,,
Turner Auctions + Appraisals LLC,San Francisco,CA,2025,bay_area_startups_master.csv,,,,,
"Tusk Ai, Inc.",San Francisco,CA,2025,bay_area_startups_master.csv,,,,,
Unsloth Ai,San Francisco,CA,2024,bay_area_startups_master.csv,,,,,
Unsloth Ai Inc.,San Francisco,CA,2024,bay_area_startups_master.csv,,,,,
"Usa Digital Communications, Inc",San Francisco,CA,2024,bay_area_startups_master.csv,,,,,
"Vanguard Smoke & Fire Curtains, Inc.",San Francisco,CA,2024,bay_area_startups_master.csv,,,,,
Vista Mobile Urgent Care Inc,San Francisco,CA,2024,bay_area_startups_master.csv,,,,,
Vroomdetail,San Francisco,CA,2025,bay_area_startups_master.csv,,,,,
Wai Ahead LLC,San Francisco,CA,2025,bay_area_startups_master.csv,,,,,
Wainaku Strategy Group,San Francisco,CA,2025,bay_area_startups_master.csv,,,,,
Wastech Corporation,San Francisco,CA,2024,bay_area_startups_master.csv,,,,,
"Weedn Public Affairs, LLC",San Francisco,CA,2025,bay_area_startups_master.csv,,,,,
Whiskertails,San Francisco,CA,2024,bay_area_startups_master.csv,,,,,
Wong Tai Sen Temple & Services Inc,San Francisco,CA,2024,bay_area_startups_master.csv,,,,,
Yeji Cuts Hair,San Francisco,CA,2025,bay_area_startups_master.csv,,,,,
Yellow Orchid Nail Spa,San Francisco,CA,2025,bay_area_startups_master.csv,,,,,
Yishai Lerner Consulting,San Francisco,CA,2024,bay_area_startups_master.csv,,,,,
Your Happy Place LLC,San Francisco,CA,2024,bay_area_startups_master.csv,,,,,
Z & F Maintenance LLC,San Francisco,CA,2025,bay_area_startups_master.csv,,,,,
Zorina Nail Studio,San Francisco,CA,2024,bay_area_startups_master.csv,,,,,
