company_name,website,industry,location,description,founding_year,employee_count,funding_status,last_funding_amount
,https://www.3scale.net/,,,,,,,
,https://8tracks.com/,,,,,,,
,https://www.10by10.io/,,,,,,,
,15five.com,,,,,,,
,21tech.com,,,,,,,
,https://www.23andme.com/,,,,,,,
,https://www.80twenty.com/,,,,,,,
,99designs.com,,,,,,,
,https://www.140proof.com/,,,,,,,
,https://www.2600hz.com,,,,,,,
,https://ablschools.com/,,,,,,,
,https://www.goabstract.com/,,,,,,,
,accela.com,,,,,,,
,https://www.accenture.com,,,,,,,
,https://addepar.com/,,,,,,,
,https://www.adeccogroup.com/,,,,,,,
,https://www.admitsee.com,,,,,,,
,http://www.adobe.com/,,,,,,,
,https://www.adroll.com/,,,,,,,
,https://www.adstage.io/,,,,,,,
,https://www.advent.com/,,,,,,,
,https://www.adyen.com/,,,,,,,
,https://www.aerotek.com,,,,,,,
,aeye.ai,,,,,,,
,https://www.affinity.co/,,,,,,,
,https://www.affirm.com,,,,,,,
,https://www.aftercollege.com/,,,,,,,
,https://www.airbnb.com/,,,,,,,
,https://airtable.com/,,,,,,,
,https://www.airware.com/,,,,,,,
,http://www.akqa.com/,,,,,,,
,https://www.aktana.com/,,,,,,,
,https://www.algolia.com/,,,,,,,
,https://www.alienvault.com/,,,,,,,
,https://www.allbirds.com,,,,,,,
,https://alloy.ai/,,,,,,,
,https://www.alpha-sense.com/,,,,,,,
,https://www.altschool.com/,,,,,,,
,http://www.alwayshired.com/,,,,,,,
,http://aws.training,,,,,,,
,ambient.ai,,,,,,,
,https://www.amd.com/,,,,,,,
,https://amplitude.com/,,,,,,,
,anaplan.com,,,,,,,
,https://www.angaza.com/,,,,,,,
,https://angel.co/,,,,,,,
,anomali.com,,,,,,,
,https://www.apollo.io/,,,,,,,
,https://www.appacademy.io/,,,,,,,
,appannie.com,,,,,,,
,https://www.appdirect.com/,,,,,,,
,https://www.appdynamics.com/,,,,,,,
,https://www.apple.com/,,,,,,,
,https://www.appnexus.com/,,,,,,,
,http://www.appodeal.com/,,,,,,,
,https://apptimize.com/,,,,,,,
,http://www.apteligent.com/,,,,,,,
,apttus.com,,,,,,,
,https://www.armory.io/,,,,,,,
,art.com,,,,,,,
,https://asana.com,,,,,,,
,https://www.askmediagroup.com/,,,,,,,
,https://www.asus.com,,,,,,,
,https://www.atrium.co/,,,,,,,
,https://www.autodesk.com/,,,,,,,
,https://automattic.com/,,,,,,,
,avast.com,,,,,,,
,avatier.com,,,,,,,
,https://www.avenuecode.com/,,,,,,,
,babycenter.com,,,,,,,
,babylist.com,,,,,,,
,https://www.backerkit.com/,,,,,,,
,https://www.barracuda.com/,,,,,,,
,https://bebo.com/,,,,,,,
,bedrockanalytics.com,,,,,,,
,https://www.beezwax.net/,,,,,,,
,http://www.benchmark.com/,,,,,,,
,benevity.com,,,,,,,
,https://www.betterment.com/,,,,,,,
,https://www.betterup.co/,,,,,,,
,betterworks.com,,,,,,,
,bexi.io,,,,,,,
,https://www.beyondgames.co/,,,,,,,
,https://www.bigcommerce.com,,,,,,,
,https://binti.com/,,,,,,,
,https://www.birst.com/,,,,,,,
,https://bitbucket.org/,,,,,,,
,https://bitnami.com/,,,,,,,
,blackhawknetwork.com,,,,,,,
,https://bleacherreport.com/,,,,,,,
,https://blend.com/,,,,,,,
,https://www.bloc.io/,,,,,,,
,https://www.bloomthat.com/,,,,,,,
,http://www.bluerivertechnology.com/,,,,,,,
,https://bluecrewjobs.com/,,,,,,,
,https://www.bluejeans.com/,,,,,,,
,bluevine.com,,,,,,,
,http://www.blurb.com/,,,,,,,
,https://bolt.com/,,,,,,,
,box.com,,,,,,,
,https://www.boxbot.io/,,,,,,,
,https://bradfieldcs.com/,,,,,,,
,https://www.braintreepayments.com/,,,,,,,
,https://branch.io/,,,,,,,
,https://branch.co/,,,,,,,
,brex.com,,,,,,,
,http://www.brigade.com/,,,,,,,
,http://www.brightbytes.net/,,,,,,,
,https://www.brightidea.com/,,,,,,,
,https://www.brightpearl.com/,,,,,,,
,brighttalk.com,,,,,,,
,https://www.broadcom.com/,,,,,,,
,broadly.com,,,,,,,
,https://www.bugcrowd.com/,,,,,,,
,https://www.bugsnag.com/,,,,,,,
,buildingconnected.com,,,,,,,
,https://www.buildzoom.com/,,,,,,,
,https://www.bukwild.com/,,,,,,,
,https://c3.ai/,,,,,,,
,https://www.cadence.com/,,,,,,,
,yourcadre.com/,,,,,,,
,calliduscloud.com,,,,,,,
,https://www.campsyte.com/,,,,,,,
,https://canvasmedical.com/,,,,,,,
,https://www.capgemini.com/,,,,,,,
,https://www.capitalone.com/,,,,,,,
,carbon3d.com,,,,,,,
,https://www.carbonfive.com/,,,,,,,
,https://www.get-carrot.com/,,,,,,,
,carta.com,,,,,,,
,cashbet.com,,,,,,,
,https://castle.io/,,,,,,,
,https://www.cbsinteractive.com/,,,,,,,
,ceresimaging.net,,,,,,,
,https://www.chartboost.com/,,,,,,,
,https://chartio.com/,,,,,,,
,https://checkr.com/,,,,,,,
,https://www.chegg.com/,,,,,,,
,https://www.chewse.com/,,,,,,,
,https://www.chimebank.com/,,,,,,,
,https://www.circlemedical.com/,,,,,,,
,https://circleci.com/,,,,,,,
,civilmaps.com,,,,,,,
,https://www.claraanalytics.com/,,,,,,,
,https://classpass.com/,,,,,,,
,https://clearbit.com,,,,,,,
,https://clearbrain.com/,,,,,,,
,http://www.clearmetal.com/,,,,,,,
,https://clever.com/,,,,,,,
,https://clickup.com/,,,,,,,
,https://climate.com/,,,,,,,
,https://cloud4wi.com/,,,,,,,
,https://www.cloudbees.com,,,,,,,
,cloudfabrix.com,,,,,,,
,https://www.cloudflare.com/,,,,,,,
,https://www.cloverhealth.com/,,,,,,,
,https://coda.io/,,,,,,,
,https://codenation.org/,,,,,,,
,https://www.codecademy.com,,,,,,,
,codexis.com,,,,,,,
,https://coffeemeetsbagel.com/,,,,,,,
,https://www.coinbase.com,,,,,,,
,https://coinspectapp.com/,,,,,,,
,https://www.coitgroup.com/,,,,,,,
,https://collectivehealth.com/,,,,,,,
,comfyapp.com/,,,,,,,
,https://comma.ai/,,,,,,,
,https://compology.com/,,,,,,,
,https://www.copper.com/,,,,,,,
,https://coreos.com/,,,,,,,
,https://www.coursera.org/,,,,,,,
,https://cradlepoint.com/,,,,,,,
,https://creativemarket.com/,,,,,,,
,https://www.creditkarma.com/,,,,,,,
,https://crickethealth.com/,,,,,,,
,https://www.criteo.com/,,,,,,,
,https://www.crowdcast.io,,,,,,,
,https://www.getcruise.com/,,,,,,,
,https://www.crunchbase.com,,,,,,,
,http://www.crunchyroll.com/,,,,,,,
,https://www.cultureamp.com/,,,,,,,
,https://www.cybcube.com/,,,,,,,
,dailykos.com,,,,,,,
,https://databricks.com/,,,,,,,
,https://www.datadoghq.com/,,,,,,,
,https://www.datafox.com/,,,,,,,
,https://www.dataminr.com/,,,,,,,
,https://www.dealpath.com/,,,,,,,
,https://www.deepnote.org/,,,,,,,
,https://www.demandbase.com/,,,,,,,
,https://designaction.org/,,,,,,,
,https://www.designmap.com/,,,,,,,
,dialpad.com,,,,,,,
,https://digitalist.global/,,,,,,,
,https://discordapp.com,,,,,,,
,https://disqus.com/,,,,,,,
,https://www.divvyhomes.com/,,,,,,,
,https://diy.org/,,,,,,,
,dnanexusconnect.com,,,,,,,
,https://www.docker.com/,,,,,,,
,https://www.docusign.com/,,,,,,,
,https://www.doordash.com/,,,,,,,
,https://www.dronedeploy.com/,,,,,,,
,https://www.dropbox.com,,,,,,,
,http://www.duncanchannon.com/,,,,,,,
,https://www.earnest.com/,,,,,,,
,https://www.easypost.com,,,,,,,
,https://www.eatclub.com/,,,,,,,
,https://www.eatsa.com/,,,,,,,
,https://www.eaze.com,,,,,,,
,https://www.ebay.com/,,,,,,,
,eero.com,,,,,,,
,https://www.ejento.com/,,,,,,,
,https://www.elastic.co/,,,,,,,
,ea.com,,,,,,,
,https://www.elegantthemes.com/,,,,,,,
,employbl.com,,,,,,,
,https://www.endpointclinical.com/,,,,,,,
,https://www.ensilo.com/,,,,,,,
,https://www.entelo.com/,,,,,,,
,https://envoy.com/,,,,,,,
,enwoven.com,,,,,,,
,https://eqrecruiters.com/,,,,,,,
,equinix.com,,,,,,,
,even.com,,,,,,,
,https://www.eventbrite.com,,,,,,,
,https://www.everlane.com/,,,,,,,
,https://evernote.com/,,,,,,,
,https://use.expensify.com/,,,,,,,
,exponential.com,,,,,,,
,https://www.extole.com/,,,,,,,
,fabricgenomics.com,,,,,,,
,https://www.facebook.com/,,,,,,,
,https://www.faire.com/,,,,,,,
,https://www.figure-eight.com/,,,,,,,
,https://www.fin.com/,,,,,,,
,financialforce.com,,,,,,,
,http://www.fingerprintplay.com/,,,,,,,
,http://firstround.com/,,,,,,,
,https://www.fitbit.com/,,,,,,,
,five9.com,,,,,,,
,https://www.fivestars.com/,,,,,,,
,fivetran.com,,,,,,,
,https://www.flexport.com/,,,,,,,
,https://fond.co/,,,,,,,
,https://forkable.com/,,,,,,,
,https://formation.ai/,,,,,,,
,https://goforward.com/,,,,,,,
,https://www.fossa.io/,,,,,,,
,https://foundersfund.com/,,,,,,,
,freewiretech.com,,,,,,,
,https://frontapp.com/,,,,,,,
,https://fundbox.com/,,,,,,,
,https://fundersclub.com/,,,,,,,
,gainsight.com,,,,,,,
,https://www.galvanize.com/san-francisco,,,,,,,
,genapsys.com,,,,,,,
,https://generalassemb.ly/locations/san-francisco,,,,,,,
,genomichealth.com,,,,,,,
,getaround.com,,,,,,,
,https://gigster.com/,,,,,,,
,https://github.com/,,,,,,,
,https://about.gitlab.com/,,,,,,,
,https://www.givecampus.com/,,,,,,,
,https://www.gladly.com/,,,,,,,
,glassdoor.com,,,,,,,
,https://www.gliffy.com/,,,,,,,
,https://www.glu.com/,,,,,,,
,https://www.godaddy.com,,,,,,,
,https://www.gong.io/,,,,,,,
,https://www.goodeggs.com/,,,,,,,
,https://goodbysilverstein.com/,,,,,,,
,gooddata.com,,,,,,,
,https://google.com,,,,,,,
,https://gorgias.io/,,,,,,,
,https://www.grammarly.com/,,,,,,,
,https://www.greenhouse.io/,,,,,,,
,https://www.grin.co/,,,,,,,
,http://www.groove.co/,,,,,,,
,https://www.grove.co/,,,,,,,
,https://www.grovo.com/,,,,,,,
,https://growthx.com/,,,,,,,
,https://gumroad.com/,,,,,,,
,https://gusto.com/,,,,,,,
,https://www.gymboree.com/about-gymboree.html,,,,,,,
,https://www.hackreactor.com/,,,,,,,
,hackerone.com,,,,,,,
,https://www.hammerhead.io/,,,,,,,
,https://www.handy.com/,,,,,,,
,https://haveninc.com/,,,,,,,
,headspace.com,,,,,,,
,https://heapanalytics.com/,,,,,,,
,heartflow.com,,,,,,,
,https://www.hellosign.com/,,,,,,,
,https://www.helpshift.com/,,,,,,,
,https://www.forhims.com/,,,,,,,
,hintmd.com,,,,,,,
,hireclub.com,,,,,,,
,https://hired.com/,,,,,,,
,https://www.hiretual.com/,,,,,,,
,https://www.holbertonschool.com/,,,,,,,
,https://joinhomebase.com/,,,,,,,
,https://www.honeybook.com/,,,,,,,
,https://hoodline.com,,,,,,,
,https://www.joinhorizons.com/,,,,,,,
,https://www.hornblower.com/,,,,,,,
,https://www.hoteltonight.com/,,,,,,,
,https://hotpads.com/,,,,,,,
,https://www.hotschedules.com,,,,,,,
,https://www.hotwire.com/,,,,,,,
,https://www.hover.to/,,,,,,,
,https://hustle.com/,,,,,,,
,http://www.icrossing.com/,,,,,,,
,https://www.ideo.com/,,,,,,,
,http://corp.ign.com/,,,,,,,
,ihearmedical.com,,,,,,,
,https://imgurinc.com,,,,,,,
,imperva.com,,,,,,,
,indeed.jobs,,,,,,,
,https://www.indiegogo.com/,,,,,,,
,https://www.indinero.com/,,,,,,,
,https://www.ilm.com/,,,,,,,
,https://www.influxdata.com/,,,,,,,
,informatica.com,,,,,,,
,https://www.insightglobal.com/,,,,,,,
,insightrecruiting.com/,,,,,,,
,https://www.insightly.com/,,,,,,,
,https://www.insikt.com/#/,,,,,,,
,https://www.instacart.com/,,,,,,,
,intelliswift.com/,,,,,,,
,https://www.intercom.com,,,,,,,
,https://interviewing.io/,,,,,,,
,https://www.intuit.com/,,,,,,,
,https://www.invitae.com/,,,,,,,
,https://www.irisonboard.com/,,,,,,,
,https://ironcladapp.com/,,,,,,,
,https://iterable.com/,,,,,,,
,https://www.jobspringpartners.com/,,,,,,,
,jobvite.com,,,,,,,
,https://withjoy.com/,,,,,,,
,https://www.joyent.com,,,,,,,
,https://www.judge.com/,,,,,,,
,https://www.jumpshot.com/,,,,,,,
,https://juneoven.com/,,,,,,,
,junipersquare.com,,,,,,,
,justanswer.com,,,,,,,
,kapwing.com/,,,,,,,
,https://www.meetkaruna.com/,,,,,,,
,https://kbcstaffing.com/,,,,,,,
,https://www.kentik.com,,,,,,,
,https://www.khanacademy.org/,,,,,,,
,http://www.kiip.me/,,,,,,,
,https://www.kissmetricshq.com/,,,,,,,
,https://kittyhawk.io/,,,,,,,
,https://www.kiva.org/,,,,,,,
,https://knotel.com/,,,,,,,
,https://konghq.com/,,,,,,,
,http://www.kpcb.com/,,,,,,,
,https://www.kyokan.io/,,,,,,,
,https://landor.com/,,,,,,,
,https://lattice.com/,,,,,,,
,https://launchdarkly.com/,,,,,,,
,https://layer.com/,,,,,,,
,leadspace.com,,,,,,,
,https://www.leanplum.com/,,,,,,,
,https://www.leapmotion.com/,,,,,,,
,lendingclub.com,,,,,,,
,https://www.lendinghome.com/,,,,,,,
,https://www.lendup.com/,,,,,,,
,https://www.lever.co/,,,,,,,
,https://about.liftopia.com/index.html,,,,,,,
,http://www.lightbend.com/,,,,,,,
,lightstep.com,,,,,,,
,https://www.linkedin.com/,,,,,,,
,http://www.linqia.com/,,,,,,,
,https://literably.com,,,,,,,
,https://www.lithium.com/,,,,,,,
,https://liveramp.com/,,,,,,,
,livongo.com,,,,,,,
,https://lob.com/,,,,,,,
,http://logikcull.com/,,,,,,,
,https://looker.com/,,,,,,,
,lumahealth.io,,,,,,,
,https://www.lyft.com/,,,,,,,
,https://lyte.com/,,,,,,,
,https://www.mz.com/,,,,,,,
,https://www.macys.com/,,,,,,,
,https://www.mailgun.com/,,,,,,,
,https://mbg.com/,,,,,,,
,http://www.mapbox.com/,,,,,,,
,marketo.com,,,,,,,
,marqeta.com,,,,,,,
,https://www.mashery.com/,,,,,,,
,https://www.massdrop.com,,,,,,,
,https://www.masterclass.com/,,,,,,,
,https://matterapp.com/,,,,,,,
,https://mattermark.com/,,,,,,,
,mattermost.com,,,,,,,
,https://matterport.com/,,,,,,,
,mayvenn.com,,,,,,,
,http://www.mckesson.com/,,,,,,,
,https://medium.com/,,,,,,,
,http://medrio.com/,,,,,,,
,https://www.meltwater.com/,,,,,,,
,https://us.memebox.com/,,,,,,,
,http://www.memsql.com/,,,,,,,
,http://mendedesign.com/,,,,,,,
,https://mesosphere.com/,,,,,,,
,https://www.messagebird.com,,,,,,,
,https://www.metavision.com/,,,,,,,
,http://www.method.com/,,,,,,,
,http://www.metricinsights.com/,,,,,,,
,https://www.metromile.com/,,,,,,,
,https://www.microsoft.com/,,,,,,,
,mindsource.com/,,,,,,,
,https://www.minted.com/,,,,,,,
,miracare.com,,,,,,,
,https://www.missionu.com/,,,,,,,
,https://www.mitchellake.com/,,,,,,,
,https://mixmax.com/,,,,,,,
,https://mixpanel.com/,,,,,,,
,https://modeanalytics.com/,,,,,,,
,modeln.com,,,,,,,
,modis.com,,,,,,,
,https://mondo.com/,,,,,,,
,https://www.moogsoft.com/,,,,,,,
,motionloft.com,,,,,,,
,https://www.mountainviewstaffing.com/,,,,,,,
,https://www.movewith.com/,,,,,,,
,https://www.mozilla.org/en-US/,,,,,,,
,mulesoft.com,,,,,,,
,https://mux.com/,,,,,,,
,https://www.myfitnesspal.com/,,,,,,,
,mynd.co,,,,,,,
,https://www.namely.com/,,,,,,,
,https://corp.narvar.com/,,,,,,,
,https://www.naytev.com/,,,,,,,
,https://nelsonjobs.com/,,,,,,,
,https://www.nepfin.com/,,,,,,,
,https://www.nerdwallet.com/,,,,,,,
,https://netflix.com/,,,,,,,
,https://www.netlify.com/,,,,,,,
,https://newrelic.com,,,,,,,
,https://www.newfrontinsurance.com/,,,,,,,
,nextdoor.com,,,,,,,
,https://www.nextravel.com/,,,,,,,
,https://www.neyborly.com/,,,,,,,
,https://ninjarmm.com/,,,,,,,
,https://www.nomeansnoworldwide.org/,,,,,,,
,https://www.noredink.com/,,,,,,,
,https://www.notablelabs.com/,,,,,,,
,https://www.notion.so,,,,,,,
,http://neednova.com/,,,,,,,
,https://www.npmjs.com/,,,,,,,
,https://www.nuna.com,,,,,,,
,nuro.ai,,,,,,,
,https://www.nylas.com/,,,,,,,
,https://www.oath.com,,,,,,,
,https://www.odopod.com/,,,,,,,
,https://www.okta.com/,,,,,,,
,https://www.onelogin.com/,,,,,,,
,https://www.openai.com/,,,,,,,
,http://www.opendns.com/,,,,,,,
,https://www.opendoor.com/,,,,,,,
,https://www.opentable.com,,,,,,,
,https://www.optimizely.com/,,,,,,,
,https://www.oracle.com,,,,,,,
,https://www.hioscar.com,,,,,,,
,https://www.ouster.io/,,,,,,,
,https://www.outreach.io/,,,,,,,
,https://www.pagerduty.com/,,,,,,,
,https://www.paloaltostaffing.com/,,,,,,,
,https://www.pandora.com/,,,,,,,
,https://panoply.io/,,,,,,,
,https://pantheon.io/,,,,,,,
,https://www.parsable.com,,,,,,,
,http://www.patagonia.com/,,,,,,,
,https://www.paypal.com,,,,,,,
,https://www.peopleconnectstaffing.com/,,,,,,,
,https://www.peoplegrove.com/,,,,,,,
,https://percolate.com/,,,,,,,
,https://performancehorizon.com/,,,,,,,
,https://www.periscopedata.com/,,,,,,,
,philo.com,,,,,,,
,https://www.pinterest.com/,,,,,,,
,https://www.piquetea.com/,,,,,,,
,https://pivotal.io,,,,,,,
,https://www.pixlee.com/,,,,,,,
,https://plaid.com/,,,,,,,
,https://www.planet.com,,,,,,,
,https://www.plangrid.com,,,,,,,
,http://www.portrait.com/,,,,,,,
,poshmark.com,,,,,,,
,https://www.getpostman.com,,,,,,,
,https://postmates.com/,,,,,,,
,https://www.practicefusion.com,,,,,,,
,pramp.com/,,,,,,,
,premiertalentpartners.com/,,,,,,,
,https://prezi.com/,,,,,,,
,https://www.productschool.com/,,,,,,,
,https://www.proteus.com/,,,,,,,
,https://proto.io/,,,,,,,
,pusher.com,,,,,,,
,https://qadium.com/,,,,,,,
,qualia.com,,,,,,,
,qualys.com,,,,,,,
,https://www.quantcast.com/,,,,,,,
,https://quid.com/,,,,,,,
,https://quip.com/,,,,,,,
,quora.com,,,,,,,
,qwilt.com,,,,,,,
,https://radicaldesigns.org/,,,,,,,
,https://radius.com,,,,,,,
,https://www.rainforestqa.com/,,,,,,,
,https://www.rainmakers.co/,,,,,,,
,https://www.raise.me,,,,,,,
,https://www.rallyhealth.com/,,,,,,,
,https://www.randstadusa.com/,,,,,,,
,https://razorfrog.com/,,,,,,,
,http://readme.io/,,,,,,,
,https://recurly.com/,,,,,,,
,https://www.redbridgenet.com,,,,,,,
,http://www.redoaktech.com/,,,,,,,
,https://www.redbubble.com/,,,,,,,
,reddithelp.com,,,,,,,
,https://www.redfin.com/,,,,,,,
,https://www.redpoint.com,,,,,,,
,https://www.referralexchange.com/,,,,,,,
,https://www.reflektive.com/,,,,,,,
,https://www.reforge.com/,,,,,,,
,https://www.remind.com,,,,,,,
,https://www.remix.com/,,,,,,,
,https://www.rescale.com/,,,,,,,
,https://www.resilio.com/,,,,,,,
,restlessbandit.com,,,,,,,
,https://returnly.com/,,,,,,,
,https://www.rgatech.com/,,,,,,,
,https://ridecell.com/,,,,,,,
,https://www.rigetti.com/,,,,,,,
,https://www.ringcentral.com/,,,,,,,
,https://www.rithmschool.com/,,,,,,,
,https://rivierapartners.com/,,,,,,,
,https://www.roberthalf.com/,,,,,,,
,https://www.rocketlawyer.com/,,,,,,,
,https://www.rocketspace.com/,,,,,,,
,https://rollbar.com,,,,,,,
,roofstock.com,,,,,,,
,http://www.runway.is/,,,,,,,
,https://www.rylo.com/,,,,,,,
,saba.com,,,,,,,
,https://www.salesforce.com/,,,,,,,
,https://www.salon.com/,,,,,,,
,https://www.samsara.com/,,,,,,,
,https://sano.co/,,,,,,,
,https://saucelabs.com/,,,,,,,
,savvymoney.com,,,,,,,
,https://www.saymedia.com/,,,,,,,
,https://scal.io/,,,,,,,
,https://scalablepress.com/,,,,,,,
,http://www.scality.com/,,,,,,,
,https://www.scionstaffing.com/,,,,,,,
,https://www.scripted.com/,,,,,,,
,https://www.securly.com/,,,,,,,
,segment.com,,,,,,,
,https://www.sendwithus.com/,,,,,,,
,https://sentry.io,,,,,,,
,https://www.sephora.com/,,,,,,,
,https://www.shift.org/,,,,,,,
,shipt.com,,,,,,,
,https://www.shopify.com/,,,,,,,
,https://www.theshoppad.com/,,,,,,,
,shutterfly.com,,,,,,,
,https://siftscience.com,,,,,,,
,http://sightmachine.com/,,,,,,,
,https://www.sindeo.com/,,,,,,,
,sizmek.com,,,,,,,
,skedulo.com,,,,,,,
,skillz.com/,,,,,,,
,https://slack.com/,,,,,,,
,https://www.slalom.com/,,,,,,,
,slashdot.org,,,,,,,
,slashnext.com,,,,,,,
,http://www.slow.co/,,,,,,,
,https://www.smarking.com/,,,,,,,
,https://www.smartbizloans.com/,,,,,,,
,smugmug.com,,,,,,,
,https://www.snapdocs.com/,,,,,,,
,snaplogic.com,,,,,,,
,https://www.snappr.co/,,,,,,,
,snowflake.com,,,,,,,
,https://www.sofi.com/,,,,,,,
,sololearn.com,,,,,,,
,sonder.com,,,,,,,
,https://www.playstation.com/en-us/,,,,,,,
,https://www.sourceress.com/,,,,,,,
,http://sparkprogram.org/,,,,,,,
,http://www.sparkart.com/,,,,,,,
,https://www.sparkcentral.com/,,,,,,,
,https://www.splunk.com/,,,,,,,
,https://www.spotifyjobs.com/location/san-francisco/,,,,,,,
,https://www.spotify.com,,,,,,,
,https://spotinst.com/,,,,,,,
,https://www.spotx.tv/,,,,,,,
,https://www.springboard.com/,,,,,,,
,springml.com,,,,,,,
,https://squareup.com/,,,,,,,
,https://stackshare.io/,,,,,,,
,https://stamen.com/,,,,,,,
,https://www.starcity.com/,,,,,,,
,https://www.stashinvest.com/,,,,,,,
,https://www.stitchfix.com,,,,,,,
,https://www.stitchlabs.com/,,,,,,,
,https://www.stitcher.com/,,,,,,,
,https://www.storenvy.com/,,,,,,,
,https://www.stratim.com/,,,,,,,
,https://www.strava.com/,,,,,,,
,https://www.streak.com/,,,,,,,
,https://stripe.com/,,,,,,,
,https://www.strive.co/,,,,,,,
,https://www.stubhub.com/,,,,,,,
,http://corp.stumbleupon.com/,,,,,,,
,sumologic.com,,,,,,,
,https://svangel.com/,,,,,,,
,swiftnav.com,,,,,,,
,https://www.goswift.ly/,,,,,,,
,https://www.swiftstack.com/,,,,,,,
,https://www.swrve.com/,,,,,,,
,https://www.syapse.com/,,,,,,,
,https://www.syllable.ai/,,,,,,,
,https://www.symantec.com/,,,,,,,
,syncfab.com,,,,,,,
,https://www.synchrony.com,,,,,,,
,https://www.talener.com/,,,,,,,
,http://www.talentburst.com/,,,,,,,
,https://www.talkable.com/,,,,,,,
,https://www.talkdesk.com/,,,,,,,
,taos.com/,,,,,,,
,https://www.taskrabbit.com/,,,,,,,
,teamable.com,,,,,,,
,https://techliminal.com/,,,,,,,
,techconnexion.com,,,,,,,
,https://techees.com/,,,,,,,
,http://www.techsoup.org/,,,,,,,
,https://teespring.com/,,,,,,,
,teksystems.com/,,,,,,,
,https://www.tenable.com,,,,,,,
,https://terminus.com/,,,,,,,
,https://www.tesla.com/,,,,,,,
,https://asktetra.com,,,,,,,
,https://www.thalmic.com/,,,,,,,
,https://theathletic.com/,,,,,,,
,https://thehive.ai/,,,,,,,
,https://www.theleague.com/,,,,,,,
,https://www.therealreal.com/,,,,,,,
,thesourcery.com,,,,,,,
,https://www.thetradedesk.com/,,,,,,,
,https://www.thirdlove.com/,,,,,,,
,https://www.thoughtworks.com,,,,,,,
,https://www.thousandeyes.com/,,,,,,,
,https://thriveglobal.com/,,,,,,,
,https://www.thumbtack.com,,,,,,,
,https://www.makethunder.com/,,,,,,,
,tophatter.com,,,,,,,
,https://townsquared.com/,,,,,,,
,https://www.tractionco.com/,,,,,,,
,http://tradecraft.com/,,,,,,,
,https://tradeshift.com/,,,,,,,
,https://tray.io/,,,,,,,
,http://trendmedia.com/,,,,,,,
,https://www.trifacta.com,,,,,,,
,https://triplebyte.com/,,,,,,,
,https://www.trulia.com/,,,,,,,
,truly.co,,,,,,,
,https://www.trustarc.com/,,,,,,,
,https://turo.com/,,,,,,,
,https://www.twentythree.net/,,,,,,,
,https://www.twilio.com/,,,,,,,
,https://www.twitch.tv/,,,,,,,
,https://twitter.com/,,,,,,,
,https://www.uber.com/,,,,,,,
,https://ubiome.com/,,,,,,,
,https://www.udacity.com/,,,,,,,
,https://www.udemy.com/,,,,,,,
,http://www.upgrade.com/,,,,,,,
,http://www.upsight.com/,,,,,,,
,https://www.urbanairship.com/,,,,,,,
,https://www.urbansitter.com/,,,,,,,
,https://www.usertesting.com/,,,,,,,
,http://www.sfvaco.com/,,,,,,,
,https://www.valimail.com/,,,,,,,
,https://verbalplusvisual.com/,,,,,,,
,verkada.com,,,,,,,
,https://www.getvero.com/,,,,,,,
,https://www.vevo.com/,,,,,,,
,https://ridewithvia.com/,,,,,,,
,vidado.ai,,,,,,,
,https://www.viglink.com/,,,,,,,
,https://vineti.com/,,,,,,,
,virtusa.com/,,,,,,,
,https://www.visby.io/,,,,,,,
,https://vitagene.com/,,,,,,,
,https://www.vmware.com/,,,,,,,
,https://voiceops.com/,,,,,,,
,http://www.volt.com/,,,,,,,
,https://www.vonnda.com/,,,,,,,
,https://www.voxbone.com/,,,,,,,
,vsco.co,,,,,,,
,https://vungle.com/,,,,,,,
,https://wake.com,,,,,,,
,https://www.walmartlabs.com/,,,,,,,
,wanelo.com/,,,,,,,
,watsi.org/,,,,,,,
,wayup.com/,,,,,,,
,wealthfront.com/,,,,,,,
,webflow.com,,,,,,,
,weebly.com/,,,,,,,
,wellnessfx.com/,,,,,,,
,https://go.wepay.com/,,,,,,,
,wework.com/,,,,,,,
,wheelwell.com,,,,,,,
,http://www.wikia.com/fandom,,,,,,,
,https://www.wish.com/,,,,,,,
,https://www.wizeline.com/,,,,,,,
,https://woebot.io/,,,,,,,
,https://www.wmjobs.com/,,,,,,,
,http://www.womply.com/,,,,,,,
,https://www.wonderschool.com/,,,,,,,
,https://www.wonderware.com/,,,,,,,
,https://www.woopra.com/,,,,,,,
,https://www.workbridgeassociates.com/,,,,,,,
,https://www.workday.com/,,,,,,,
,https://www.xero.com/,,,,,,,
,xoriant.com/,,,,,,,
,http://www.ycombinator.com/,,,,,,,
,https://www.yammer.com/,,,,,,,
,https://www.yelpblog.com/,,,,,,,
,https://www.yext.com/,,,,,,,
,yodlee.com,,,,,,,
,https://zapier.com,,,,,,,
,zazzle.com,,,,,,,
,https://www.zedo.com,,,,,,,
,https://www.zendesk.com/,,,,,,,
,https://www.zendrive.com/,,,,,,,
,https://www.zenefits.com/,,,,,,,
,https://www.zenput.com/,,,,,,,
,https://www.zenreach.com/,,,,,,,
,http://www.zenysis.com/,,,,,,,
,https://zerocater.com/,,,,,,,
,http://zignallabs.com/,,,,,,,
,https://www.zinc.it/,,,,,,,
,https://www.zoosk.com/,,,,,,,
,zumepizza.com,,,,,,,
,zumper.com,,,,,,,
,zuora.com,,,,,,,
,zynga.com,,,,,,,
,,,,,,,,
